{
  "admin_chat": {
    "phone": "62895335412735",
    "chat": "Halo kak saya mau join reseller BP"
  },
  "carousel_content": {
    "title": "Jadi Reseller Produk Digital Bersama BP Game Store",
    "description": "Mulai Bisnis Digital",
    "gambar": [
      "game populer.webp",
      "pulsa ppob.webp",
      "aplikasi premium.webp",
      "gift&joki.webp"
    ]
  },
  "list_category_product": ["Mobile Game", "Pc Game", "Vaucher"],
  "products": [
    {
      "title": "Mobile Legend",
      "src": "Mobile Legend.webp",
      "category": "Mobile Game"
    },
    {
      "title": "Pubg Mobile",
      "src": "Pubg Mobile.webp",
      "category": "Mobile Game"
    },
    {
      "title": "Free Fire",
      "src": "Free Fire.webp",
      "category": "Mobile Game"
    },

    {
      "title": "Fifa Mobile",
      "src": "Fifa Mobile.webp",
      "category": "Mobile Game"
    },
    {
      "title": "AOV",
      "src": "AOV.webp",
      "category": "Mobile Game"
    },
    {
      "title": "COD Mobile",
      "src": "COD Mobile.webp",
      "category": "Mobile Game"
    },
    {
      "title": "Domino",
      "src": "Domino.webp",
      "category": "Mobile Game"
    }
  ],
  "benefit": [
    {
      "title": "Dapatkan produk dengan harga terbaik",
      "description": "Produk yang kami tawarkan menyediakan harga terbaik dan bersaing di layanan service topup di Indonesia. Kami juga menyediakan berbagai macam promo yang dapat anda dapatkan pada event atau tanggal tertentu.",
      "src": "1keuntunggan.webp"
    },
    {
      "title": "Bantuan dan layanan tim teknis selalu sigap",
      "description": "Bantuan dan layanan bagi anda pelanggan ataupun pengguna Bisnis Vocagame yang siaga mengatasi permasalahan yang anda hadapi. Tim teknis, customer service akan selalu ada membantu anda kapan saja dan dimana saja.",
      "src": "2bantuan teknis.webp"
    },
    {
      "title": "Produk kredit game sangat bervariatif",
      "description": "Selain memberikan harga yang murah, kami memberikan banyak sekali variasi produk yang ditawarkan. Dengan produk yang bervariatif, anda dapat meningkatkan pengguna ataupun penjualan bersama kami!",
      "src": "3produk game variatif.webp"
    },

    {
      "title": "Dapatkan informasi realtime kapan saja",
      "description": "Mulai dari laporan status transaksi sampai pendapatan diterima secara real-time di genggaman tangan. Dengan informasi laporan status transaksi sampai pendapatan, anda dapat menganalisis pelanggan yang anda punya",
      "src": "4integrasi.webp"
    },

    {
      "title": "Menyediakan Beragam Metode Pembayaran",
      "description": "Layanan Bisnis VocaGame menyediakan berbagai macam metode pembayaran yang sangat luas!. Dengan begitu, anda dapat membayar deposit dengan mudah kapan saja dan dimana saja di Bisnis Vocagame.",
      "src": "5payment secure.webp"
    }
  ],
  "clients": [
    {
      "title": "Mobile Legend",
      "src": "Mobile Legend.webp"
    },
    {
      "title": "Pubg Mobile",
      "src": "Pubg Mobile.webp"
    },
    {
      "title": "Free Fire",
      "src": "Free Fire.webp"
    }
  ],
  "services": [
    {
      "title": "BP Gamestore",
      "description": "BP Gamestore menyediakan layanan Top up game dan Reseller Voucher Game termurah dan terpercaya di Indonesia. Topup lebih dari 100 game online terkemuka dunia di VocaGame mudah aman tanpa registrasi, pembelian instan langsung masuk dalam hitungan detik.",
      "src": "Mobile Legend.webp"
    },
    {
      "title": "Website Gratis",
      "description": "Website Gratis adalah solusi bagi anda yang ingin membuat website topup anda sendiri dan mengelola bisnis anda sendiri. Dengan VocaPanel anda dapat meraih keuntungan lebih besar serta membuat komunitas anda sendiri.",
      "src": "Pubg Mobile.webp"
    }
  ],
  "other_services": [
    {
      "title": "BP Gamestore",
      "description": "BP Gamestore menyediakan layanan Top up game dan Reseller Voucher Game termurah dan terpercaya di Indonesia. Topup lebih dari 100 game online terkemuka dunia di VocaGame mudah aman tanpa registrasi, pembelian instan langsung masuk dalam hitungan detik.",
      "src": "Mobile Legend.webp"
    },
    {
      "title": "Website Gratis",
      "description": "Website Gratis adalah solusi bagi anda yang ingin membuat website topup anda sendiri dan mengelola bisnis anda sendiri. Dengan VocaPanel anda dapat meraih keuntungan lebih besar serta membuat komunitas anda sendiri.",
      "src": "Pubg Mobile.webp"
    }
  ],

  "catalog_product": [
    {
      "name_of_game": "Mobile Legend",
      "data": [
        {
          "title": "Mobile Legends Membership",
          "items": [
            {
              "type": "Twillight Pass",
              "price": 130464
            },
            {
              "type": "Weekly Diamond Pass",
              "price": 24661
            },
            {
              "type": "Starlight (300 Diamonds)",
              "price": 66979
            },
            {
              "type": "Starlight plus (750 Diamonds)",
              "price": 162548
            }
          ]
        },
        {
          "title": "Event Top Up",
          "items": [
            {
              "type": "100 Diamonds",
              "price": 24545
            },
            {
              "type": "250 Diamonds",
              "price": 21492
            },
            {
              "type": "500 Diamonds",
              "price": 122982
            },
            {
              "type": "Starlight plus (750 Diamonds)",
              "price": 162548
            }
          ]
        },
        {
          "title": "Mobile legends Promo",
          "items": [
            {
              "type": "3 Diamonds",
              "price": 24545
            },
            {
              "type": "5 Diamonds",
              "price": 21492
            },
            {
              "type": "11 Diamonds",
              "price": 122982
            },
            {
              "type": "14 Diamonds",
              "price": 162548
            }
          ]
        }
      ]
    },
    {
      "name_of_game": "Pubg Mobile",
      "data": [
        {
          "title": "Pubg Mobile Membership",
          "items": [
            {
              "type": "Twillight Pass",
              "price": 130464
            },
            {
              "type": "Weekly Diamond Pass",
              "price": 24661
            },
            {
              "type": "Starlight (300 Diamonds)",
              "price": 66979
            },
            {
              "type": "Starlight plus (750 Diamonds)",
              "price": 162548
            }
          ]
        },
        {
          "title": "Event Top Up",
          "items": [
            {
              "type": "100 Diamonds",
              "price": 24545
            },
            {
              "type": "250 Diamonds",
              "price": 21492
            },
            {
              "type": "500 Diamonds",
              "price": 122982
            },
            {
              "type": "Starlight plus (750 Diamonds)",
              "price": 162548
            }
          ]
        },
        {
          "title": "Pubg Mobile Promo",
          "items": [
            {
              "type": "3 Diamonds",
              "price": 24545
            },
            {
              "type": "5 Diamonds",
              "price": 21492
            },
            {
              "type": "11 Diamonds",
              "price": 122982
            },
            {
              "type": "14 Diamonds",
              "price": 162548
            }
          ]
        }
      ]
    },
    {
      "name_of_game": "Free Fire",
      "data": [
        {
          "title": "Free Fire Membership",
          "items": [
            {
              "type": "Twillight Pass",
              "price": 130464
            },
            {
              "type": "Weekly Diamond Pass",
              "price": 24661
            },
            {
              "type": "Starlight (300 Diamonds)",
              "price": 66979
            },
            {
              "type": "Starlight plus (750 Diamonds)",
              "price": 162548
            }
          ]
        },
        {
          "title": "Event Top Up",
          "items": [
            {
              "type": "100 Diamonds",
              "price": 24545
            },
            {
              "type": "250 Diamonds",
              "price": 21492
            },
            {
              "type": "500 Diamonds",
              "price": 122982
            },
            {
              "type": "Starlight plus (750 Diamonds)",
              "price": 162548
            }
          ]
        },
        {
          "title": "Free Fire Promo",
          "items": [
            {
              "type": "3 Diamonds",
              "price": 24545
            },
            {
              "type": "5 Diamonds",
              "price": 21492
            },
            {
              "type": "11 Diamonds",
              "price": 122982
            },
            {
              "type": "14 Diamonds",
              "price": 162548
            }
          ]
        }
      ]
    },
    {
      "name_of_game": "Fifa Mobile",
      "data": [
        {
          "title": "Fifa Mobile Membership",
          "items": [
            {
              "type": "Twillight Pass",
              "price": 130464
            },
            {
              "type": "Weekly Diamond Pass",
              "price": 24661
            },
            {
              "type": "Starlight (300 Diamonds)",
              "price": 66979
            },
            {
              "type": "Starlight plus (750 Diamonds)",
              "price": 162548
            }
          ]
        },
        {
          "title": "Event Top Up",
          "items": [
            {
              "type": "100 Diamonds",
              "price": 24545
            },
            {
              "type": "250 Diamonds",
              "price": 21492
            },
            {
              "type": "500 Diamonds",
              "price": 122982
            },
            {
              "type": "Starlight plus (750 Diamonds)",
              "price": 162548
            }
          ]
        },
        {
          "title": "Fifa Mobile Promo",
          "items": [
            {
              "type": "3 Diamonds",
              "price": 24545
            },
            {
              "type": "5 Diamonds",
              "price": 21492
            },
            {
              "type": "11 Diamonds",
              "price": 122982
            },
            {
              "type": "14 Diamonds",
              "price": 162548
            }
          ]
        }
      ]
    },
    {
      "name_of_game": "AOV",
      "data": [
        {
          "title": "AOV Membership",
          "items": [
            {
              "type": "Twillight Pass",
              "price": 130464
            },
            {
              "type": "Weekly Diamond Pass",
              "price": 24661
            },
            {
              "type": "Starlight (300 Diamonds)",
              "price": 66979
            },
            {
              "type": "Starlight plus (750 Diamonds)",
              "price": 162548
            }
          ]
        },
        {
          "title": "Event Top Up",
          "items": [
            {
              "type": "100 Diamonds",
              "price": 24545
            },
            {
              "type": "250 Diamonds",
              "price": 21492
            },
            {
              "type": "500 Diamonds",
              "price": 122982
            },
            {
              "type": "Starlight plus (750 Diamonds)",
              "price": 162548
            }
          ]
        },
        {
          "title": "AOV Promo",
          "items": [
            {
              "type": "3 Diamonds",
              "price": 24545
            },
            {
              "type": "5 Diamonds",
              "price": 21492
            },
            {
              "type": "11 Diamonds",
              "price": 122982
            },
            {
              "type": "14 Diamonds",
              "price": 162548
            }
          ]
        }
      ]
    },
    {
      "name_of_game": "COD Mobile",
      "data": [
        {
          "title": "COD Mobile Membership",
          "items": [
            {
              "type": "Twillight Pass",
              "price": 130464
            },
            {
              "type": "Weekly Diamond Pass",
              "price": 24661
            },
            {
              "type": "Starlight (300 Diamonds)",
              "price": 66979
            },
            {
              "type": "Starlight plus (750 Diamonds)",
              "price": 162548
            }
          ]
        },
        {
          "title": "Event Top Up",
          "items": [
            {
              "type": "100 Diamonds",
              "price": 24545
            },
            {
              "type": "250 Diamonds",
              "price": 21492
            },
            {
              "type": "500 Diamonds",
              "price": 122982
            },
            {
              "type": "Starlight plus (750 Diamonds)",
              "price": 162548
            }
          ]
        },
        {
          "title": "COD Mobile Promo",
          "items": [
            {
              "type": "3 Diamonds",
              "price": 24545
            },
            {
              "type": "5 Diamonds",
              "price": 21492
            },
            {
              "type": "11 Diamonds",
              "price": 122982
            },
            {
              "type": "14 Diamonds",
              "price": 162548
            }
          ]
        }
      ]
    },
    {
      "name_of_game": "Domino",
      "data": [
        {
          "title": "Domino Membership",
          "items": [
            {
              "type": "Twillight Pass",
              "price": 130464
            },
            {
              "type": "Weekly Diamond Pass",
              "price": 24661
            },
            {
              "type": "Starlight (300 Diamonds)",
              "price": 66979
            },
            {
              "type": "Starlight plus (750 Diamonds)",
              "price": 162548
            }
          ]
        },
        {
          "title": "Event Top Up",
          "items": [
            {
              "type": "100 Diamonds",
              "price": 24545
            },
            {
              "type": "250 Diamonds",
              "price": 21492
            },
            {
              "type": "500 Diamonds",
              "price": 122982
            },
            {
              "type": "Starlight plus (750 Diamonds)",
              "price": 162548
            }
          ]
        },
        {
          "title": "Domino Promo",
          "items": [
            {
              "type": "3 Diamonds",
              "price": 24545
            },
            {
              "type": "5 Diamonds",
              "price": 21492
            },
            {
              "type": "11 Diamonds",
              "price": 122982
            },
            {
              "type": "14 Diamonds",
              "price": 162548
            }
          ]
        }
      ]
    }
  ]
}
